{
  "task": "classification",
  "n_samples_train": 272,
  "n_samples_test": 69,
  "n_features": 23,
  "test_metrics": {
    "accuracy": 0.855072463768116,
    "roc_auc": 0.9412020905923345,
    "precision": 0.78125,
    "recall": 0.8928571428571429,
    "f1": 0.8333333333333334,
    "n_samples": 69,
    "tn": 34,
    "fp": 7,
    "fn": 3,
    "tp": 25
  },
  "cv_results": {
    "accuracy_mean": 0.8195286195286193,
    "accuracy_std": 0.04657431063999395,
    "precision_mean": 0.8211466165413535,
    "precision_std": 0.04291321318580665,
    "recall_mean": 0.7114624505928853,
    "recall_std": 0.08968065012421678,
    "f1_mean": 0.7608146726843923,
    "f1_std": 0.06754336344378514,
    "tn_mean": 28.8,
    "tn_std": 1.1661903789690602,
    "fp_mean": 3.4,
    "fp_std": 0.8,
    "fn_mean": 6.4,
    "fn_std": 1.9595917942265424,
    "tp_mean": 15.8,
    "tp_std": 2.0396078054371136,
    "specificity_mean": 0.8941287878787879,
    "specificity_std": 0.02566549941891657,
    "balanced_accuracy_mean": 0.8027956192358368,
    "balanced_accuracy_std": 0.052711599683137385,
    "roc_auc_mean": 0.8802173164450833,
    "roc_auc_std": 0.030700770383292632,
    "overall": {
      "accuracy": 0.8198529411764706,
      "precision": 0.8229166666666666,
      "recall": 0.7117117117117117,
      "f1": 0.7632850241545893,
      "n_samples": 272,
      "tn": 144,
      "fp": 17,
      "fn": 32,
      "tp": 79,
      "specificity": 0.8944099378881988,
      "balanced_accuracy": 0.8030608247999552,
      "roc_auc": 0.882295338817078
    },
    "n_folds": 5,
    "n_samples": 272
  },
  "config": {
    "n_estimators": 100,
    "n_folds": 5,
    "threshold": 6.0,
    "seed": 42
  }
}